source,title,start_date,end_date,venue,url,last_seen_at
bigsight,HCJ2026 第54回国際ホテル・レストラン・ショー新規タブで開きます,,,東4-6ホール、西1-4ホール,https://hcj.jma.or.jp/,2026-02-17
bigsight,HCJ2026　第47回フード・ケータリングショー新規タブで開きます,,,東4-6ホール、西1-4ホール,https://hcj.jma.or.jp/,2026-02-17
bigsight,HCJ2026　第26回厨房設備機器展新規タブで開きます,,,東4-6ホール、西1-4ホール,https://hcj.jma.or.jp/,2026-02-17
bigsight,Eight EXPO 2026新規タブで開きます,,,南3・4ホール,https://eight-event.8card.net/eightexpo/?code=eightexpo2026_bigsight&,2026-02-17
bigsight,SDX 第5回 営業DX 比較・導入展新規タブで開きます,,,南3・4ホール,https://eight-event.8card.net/eightexpo/sdx/?code=eightexpo2026_bigsight&,2026-02-17
bigsight,MSX 第5回 マーケソリューション 比較・導入展新規タブで開きます,,,南3・4ホール,https://eight-event.8card.net/eightexpo/msx/?code=eightexpo2026_bigsight&,2026-02-17
bigsight,AI-PAX 第2回 AIの実践的な活用展新規タブで開きます,,,南3・4ホール,https://eight-event.8card.net/eightexpo/ai-pax/?code=eightexpo2026_bigsight&,2026-02-17
bigsight,ProLight & ProVisual 2026新規タブで開きます,,,東7ホール,https://prolight-provisual.jp/,2026-02-17
bigsight,就活直前EXPO　東京会場新規タブで開きます,,,西1-4ホール、南3・4ホール,https://job.mynavi.jp/conts/event/2027/10249/index.html,2026-02-17
bigsight,第9回有明骨董ワールド新規タブで開きます,,,南1ホール,https://www.kottouichi.com,2026-02-17
makuhari,ÃMI LIVE 2026 ï½INFINITY MOONï½,,,,https://kyodotokyo.com,2026-02-17
makuhari,Japan CampingCar Show 2026,,,å±,https://www.jrva-event.com/jccs2026/,2026-02-17
makuhari,ãªã¹ã¢ã!LIVE 2026,,,ã¤,https://www.lisani.jp/live/,2026-02-17
makuhari,ãã¤ããå°±æ´»ç´åãã§ã¢å¹å¼µä¼å ´,,,å±,https://job.mynavi.jp/conts/event/2027/10266/index.html,2026-02-17
makuhari,ããã¯ãªãã£ã¹World 2026æ±äº¬ãæ¥ã,,,å±,https://www.bizcrew.jp/expo/back-office-tokyo,2026-02-17
makuhari,äººäºæ¯æ´EXPO 2026æ±äº¬ãæ¥ã,,,å±,https://www.bizcrew.jp/expo/back-office-tokyo-hr-support,2026-02-17
makuhari,æ³åæ¯æ´EXPO 2026æ±äº¬ãæ¥ã,,,å±,https://www.bizcrew.jp/expo/back-office-tokyo-legal-support,2026-02-17
makuhari,çµçæ¯æ´EXPO 2026æ±äº¬ãæ¥ã,,,å±,https://www.bizcrew.jp/expo/back-office-tokyo-finance-support,2026-02-17
makuhari,ç·åæ¯æ´EXPO 2026æ±äº¬ãæ¥ã,,,å±,https://www.bizcrew.jp/expo/back-office-tokyo-general-affairs-support,2026-02-17
makuhari,ããã¯ãªãã£ã¹æ¥­åæ¹é© EXPO 2026æ±äº¬ãæ¥ã,,,å±,https://www.bizcrew.jp/expo/back-office-tokyo-biz-transform-bo,2026-02-17
makuhari,ãã¼ã±ãã£ã³ã°ã»ã»ã¼ã«ã¹World 2026æ±äº¬ãæ¥ã,,,å±,https://www.bizcrew.jp/expo/marketing-sales-tokyo,2026-02-17
makuhari,ãã¼ã±ãã£ã³ã°æ¯æ´EXPO 2026æ±äº¬ãæ¥ã,,,å±,https://www.bizcrew.jp/expo/marketing-sales-tokyo-marketing-support,2026-02-17
makuhari,è²©ä¿æ¯æ´Week 2026æ±äº¬ãæ¥ã,,,å±,https://www.bizcrew.jp/expo/marketing-sales-tokyo-promotion-support,2026-02-17
makuhari,åºåæ¯æ´EXPO 2026æ±äº¬ãæ¥ã,,,å±,https://www.bizcrew.jp/expo/marketing-sales-tokyo-ads-support,2026-02-17
makuhari,å¶æ¥­æ¯æ´Week 2026æ±äº¬ãæ¥ã,,,å±,https://www.bizcrew.jp/expo/marketing-sales-tokyo-sales-support,2026-02-17
makuhari,CSã»CXæ¯æ´EXPO 2026æ±äº¬ãæ¥ã,,,å±,https://www.bizcrew.jp/expo/marketing-sales-tokyo-cs-cx-support,2026-02-17
makuhari,ECéè²©æ¯æ´EXPO 2026æ±äº¬ãæ¥ã,,,å±,https://www.bizcrew.jp/expo/marketing-sales-tokyo-ec-support,2026-02-17
makuhari,ãã­ã³ããªãã£ã¹æ¥­åæ¹é©EXPO 2026æ±äº¬ãæ¥ã,,,å±,https://www.bizcrew.jp/expo/marketing-sales-tokyo-biz-transform-fo,2026-02-17
makuhari,CxM [DOUBLE UP] LIVE PARTY in JAPAN,,,å±,https://info.diskgarage.com/,2026-02-17
makuhari,æç°ç©ºæ¸¯ ååä¼æ¥­èª¬æä¼ã»ç©ºæ¸¯è¦å­¦ä¼,,,ä¼,https://www.narita-airport.jp/ja/company/recruit/rec-info-grp/,2026-02-17
makuhari,COCOLæ¯è¢å±ç¤ºä¼,,,ä¼,,2026-02-17
makuhari,å®¶å·ã¡ãã»ãã¶ã¼ã«inå¹å¼µã¡ãã»,,,å±,https://www.kanetaya.com/makuhari_messe/?afe=ID010,2026-02-17
makuhari,2026we are JIKEI COM è¥ãã¯ãªã¨ã¼ã¿ã¼å±,,,å±,https://www.tca.ac.jp/,2026-02-17
makuhari,å­¦ã³ãªã³ã¯ éä¿¡å¶é«æ ¡ã»ãµãã¼ãæ ¡ååç¸è«ä¼,,,,https://manabilink.co.jp/,2026-02-17
makuhari,ã¯ã³ãã¼ãã§ã¹ãã£ãã«2026[å¬],,,å±,https://wonfes.jp/specialsite/,2026-02-17
makuhari,ãã¼ã¹å°ç§å°±è· ååå°±è·èª¬æä¼2027,,,ä¼,https://recruit.nurse-senka.com/fair/1627?actid=fairsearch0,2026-02-17
makuhari,ã¡ã°ä¼æ¥­çºè¦ãã§ã¢2026,,,ä¼,,2026-02-17
makuhari,åèçå¹å¥æ¥½é£çåµç«70å¨å¹´è¨å¿µæ¼å¥ä¼,,,ã¤,https://www.chibasuiren.gr.jp,2026-02-17
makuhari,å¬ã®ãã¤ã¾ããå2026,,,å±,https://imohaku.com/2026winter/,2026-02-17
makuhari,ç¬¬37åæ¥æ¬è¨åºå¾®çç©å­¦ä¼ç·ä¼ã»å­¦è¡éä¼,,,å± ä¼,https://www.jscm37.jp/index.php,2026-02-17
makuhari,ããã¥ããé¨! 1st LIVE ï½ What is my L ? ï½,,,ã¤,https://information-desk.info/,2026-02-17
makuhari,2026 Japan Spectacular,,,å±,,2026-02-17
makuhari,ãã¥ã¨ã«ã»ãã¹ã¿ã¼ãº ãã¡ã³ãã§ã¹ãã£ãã« 2025å¹å¼µ,,,å±,,2026-02-17
makuhari,ã³ã¼ãã¿ãããã§ã¹ã¿ããã£ãç©ç£å±inå¹å¼µã¡ãã»,,,å±,,2026-02-17
makuhari,ã­ã£ãªã¿ã¹ç¦ç¥ãã©ã¼ã©ã,,,ä¼,,2026-02-17
makuhari,ç¬¬60åã¹ã¼ãã¼ãã¼ã±ããã»ãã¬ã¼ãã·ã§ã¼2026,,,å± å±,https://www.smts.jp/,2026-02-17
makuhari,ç¬¬21åãã ããé£åãã§ã¢2026,,,å±,https://www.shokusan.or.jp/fair/,2026-02-17
makuhari,ããªã«ããã»ã³ã»ãã¬ã¼ãã·ã§ã¼2026,,,å±,https://www.delica.jp/,2026-02-17
makuhari,åèããããå¬ã¾ã¤ã2026,,,å±,https://www.instagram.com/chiba_wanwan_event/,2026-02-17
makuhari,ç¬¬56åæ¥æ¬å¿èè¡ç®¡å¤ç§å­¦ä¼å­¦è¡ç·ä¼,,,å± ä¼,https://www.congre.com/,2026-02-17
makuhari,DX ç·åEXPO 2026ãæ¥ã,,,å± å±,https://www.bizcrew.jp/expo/dx-tokyo,2026-02-17
makuhari,ãã¸ãã¹ã¤ããã¼ã·ã§ã³Japan 2026ãæ¥ã,,,å± å±,https://www.bizcrew.jp/expo/bij-tokyo,2026-02-17
makuhari,äººäºã»å´å DX EXPO 2026ãæ¥ã,,,å± å±,https://www.bizcrew.jp/expo/dx-tokyo-hr,2026-02-17
makuhari,çµçã»è²¡å DX EXPO 2026ãæ¥ã,,,å± å±,https://www.bizcrew.jp/expo/dx-tokyo-finance,2026-02-17
makuhari,æ³å DX EXPO 2026ãæ¥ã,,,å± å±,https://www.bizcrew.jp/expo/dx-tokyo-legal,2026-02-17
makuhari,ãã¼ã±ãã£ã³ã° DX EXPO 2026ãæ¥ã,,,å± å±,https://www.bizcrew.jp/expo/dx-tokyo-marketing,2026-02-17
makuhari,å¶æ¥­ DX EXPO 2026ãæ¥ã,,,å± å±,https://www.bizcrew.jp/expo/dx-tokyo-sales,2026-02-17
makuhari,æ¥­åæ¹é© DX EXPO 2026ãæ¥ã,,,å± å±,https://www.bizcrew.jp/expo/dx-tokyo-biz-transform,2026-02-17
makuhari,æå ±ã·ã¹ãã DX EXPO 2026ãæ¥ã,,,å± å±,https://www.bizcrew.jp/expo/dx-tokyo-information-system,2026-02-17
makuhari,çµå¶æ¯æ´EXPO 2026ãæ¥ã,,,å± å±,https://www.bizcrew.jp/expo/bij-tokyo-executive-support,2026-02-17
makuhari,åãæ¹æ¹é©Week 2026ãæ¥ã,,,å± å±,https://www.bizcrew.jp/expo/bij-tokyo-workstyle-reform,2026-02-17
makuhari,äººæè²æã»æ¡ç¨æ¯æ´EXPO 2026ãæ¥ã,,,å± å±,https://www.bizcrew.jp/expo/bij-tokyo-workstyle-reform,2026-02-17
makuhari,ã¦ã§ã«ãã¼ã¤ã³ã°EXPO 2026ãæ¥ã,,,å± å±,https://www.bizcrew.jp/expo/bij-tokyo-well-being,2026-02-17
makuhari,AI World 2026ãæ¥ã,,,å± å±,https://www.bizcrew.jp/expo/ai-tokyo,2026-02-17
makuhari,AIæ¥­åæ¹é© EXPO 2026ãæ¥ã,,,å± å±,https://www.bizcrew.jp/expo/ai-tokyo-ai-biz-transform,2026-02-17
makuhari,AIäººæè²æ EXPO 2026ãæ¥ã,,,å± å±,https://www.bizcrew.jp/expo/ai-tokyo-ai-talent,2026-02-17
makuhari,AIéçºæè¡å± 2026ãæ¥ã,,,å± å±,https://www.bizcrew.jp/expo/ai-tokyo-ai-development,2026-02-17
makuhari,AIã»ã­ã¥ãªãã£ã»ã¬ããã³ã¹ EXPO 2026ãæ¥ã,,,å± å±,https://www.bizcrew.jp/expo/ai-tokyo-ai-security,2026-02-17
makuhari,2026å¹å¼µã©ã¦ããå¸,,,å±,,2026-02-17
makuhari,ãã¤ããè»¢è·ãã§ã¢ å¹å¼µ,,,ä¼,https://tenshoku.mynavi.jp/event/chiba/20260228A/,2026-02-17
makuhari,2026ã¹ã¼ãã¼ã¸ã£ãã³ã«ãããã³ã¹,,,ã¤,https://jbdf.or.jp/,2026-02-17
